1001|JU12|12.01.2026|12.01.2026
1002|JU12|14.01.2026|14.01.2026
1003|JU12|16.01.2026|16.01.2026
1004|JU34|13.01.2026|13.01.2026
1005|JU34|15.01.2026|15.01.2026
1006|JU34|20.01.2026|20.01.2026
1007|LH45|17.01.2026|17.01.2026
1008|LH45|24.01.2026|24.01.2026
1009|AF22|12.01.2026|12.01.2026
1010|AF22|19.01.2026|19.01.2026
1011|AF22|26.01.2026|26.01.2026
1012|TK56|16.01.2026|16.01.2026
1013|TK56|23.01.2026|23.01.2026
1014|EK78|20.01.2026|21.01.2026
1015|EK78|27.01.2026|28.01.2026
1016|BA19|21.01.2026|21.01.2026
1017|BA19|25.01.2026|25.01.2026
1018|WZ11|12.01.2026|12.01.2026
1019|WZ11|13.01.2026|13.01.2026
1020|WZ11|14.01.2026|14.01.2026
1021|WZ11|15.01.2026|15.01.2026
1022|WZ11|16.01.2026|16.01.2026
1023|FR88|17.01.2026|17.01.2026
1024|FR88|24.01.2026|24.01.2026
1025|AZ33|15.01.2026|15.01.2026
1026|AZ33|22.01.2026|22.01.2026
1027|JU90|12.01.2026|12.01.2026
1028|JU90|13.01.2026|13.01.2026
1029|JU90|14.01.2026|14.01.2026
1030|JU90|15.01.2026|15.01.2026
1031|QR55|10.02.2026|10.02.2026
1032|QR55|11.02.2026|11.02.2026
1033|KL44|10.02.2026|10.02.2026
1034|KL44|11.02.2026|11.02.2026
1035|OS27|10.02.2026|10.02.2026
1036|OS27|11.02.2026|11.02.2026
1037|OS27|12.02.2026|12.02.2026
1038|IB61|10.02.2026|10.02.2026
1039|IB61|11.02.2026|11.02.2026
1040|IB61|12.02.2026|12.02.2026
1041|SN73|11.02.2026|11.02.2026
1042|SN73|13.02.2026|13.02.2026
1043|LO82|14.02.2026|14.02.2026
1044|LO82|21.02.2026|21.02.2026
1045|SK39|10.02.2026|11.02.2026
1046|SK39|11.02.2026|12.02.2026
1047|EY66|10.02.2026|10.02.2026
1048|EY66|11.02.2026|11.02.2026
1049|JU77|10.02.2026|10.02.2026
1050|JU77|11.02.2026|11.02.2026
1051|JU77|12.02.2026|12.02.2026
1052|JU77|14.02.2026|14.02.2026
1053|JU77|16.02.2026|16.02.2026
1054|JU77|18.02.2026|18.02.2026
1055|JU12|10.02.2026|10.02.2026
1056|JU34|11.02.2026|11.02.2026
1057|AF22|10.02.2026|10.02.2026
1058|WZ11|11.02.2026|11.02.2026
1059|EK78|11.02.2026|12.02.2026
1060|SK39|11.02.2026|12.02.2026